state,fips,year,population
Alabama,01,2000,4452173
Alabama,01,2001,4467634
Alabama,01,2002,4480089
Alabama,01,2003,4503491
Alabama,01,2004,4530729
Alabama,01,2005,4569805
Alabama,01,2006,4628981
Alabama,01,2007,4672840
Alabama,01,2008,4718206
Alabama,01,2009,4757938
Alabama,01,2010,4785514
Alabama,01,2011,4799642
Alabama,01,2012,4816632
Alabama,01,2013,4831586
Alabama,01,2014,4843737
Alabama,01,2015,4854803
Alabama,01,2016,4866824
Alabama,01,2017,4877989
Alabama,01,2018,4891628
Alabama,01,2019,4907965
Alabama,01,2020,5032962
Alabama,01,2021,5050058
Alabama,01,2022,5076868
Alabama,01,2023,5117850
Alabama,01,2024,5163055
Alabama,01,2025,5193088
Alaska,02,2000,627963
Alaska,02,2001,633714
Alaska,02,2002,642337
Alaska,02,2003,648414
Alaska,02,2004,659286
Alaska,02,2005,666946
Alaska,02,2006,675302
Alaska,02,2007,680300
Alaska,02,2008,687455
Alaska,02,2009,698895
Alaska,02,2010,713982
Alaska,02,2011,722349
Alaska,02,2012,730810
Alaska,02,2013,737626
Alaska,02,2014,737075
Alaska,02,2015,738430
Alaska,02,2016,742575
Alaska,02,2017,740983
Alaska,02,2018,736624
Alaska,02,2019,733603
Alaska,02,2020,732906
Alaska,02,2021,734590
Alaska,02,2022,733659
Alaska,02,2023,734654
Alaska,02,2024,736537
Alaska,02,2025,737270
Arizona,04,2000,5160586
Arizona,04,2001,5273477
Arizona,04,2002,5396255
Arizona,04,2003,5510364
Arizona,04,2004,5652404
Arizona,04,2005,5839077
Arizona,04,2006,6029141
Arizona,04,2007,6167681
Arizona,04,2008,6280362
Arizona,04,2009,6343154
Arizona,04,2010,6407342
Arizona,04,2011,6473416
Arizona,04,2012,6556344
Arizona,04,2013,6634690
Arizona,04,2014,6732873
Arizona,04,2015,6832810
Arizona,04,2016,6944767
Arizona,04,2017,7048088
Arizona,04,2018,7164228
Arizona,04,2019,7291843
Arizona,04,2020,7186647
Arizona,04,2021,7274022
Arizona,04,2022,7370065
Arizona,04,2023,7452073
Arizona,04,2024,7556424
Arizona,04,2025,7623818
Arkansas,05,2000,2678588
Arkansas,05,2001,2691571
Arkansas,05,2002,2705927
Arkansas,05,2003,2724816
Arkansas,05,2004,2749686
Arkansas,05,2005,2781097
Arkansas,05,2006,2821761
Arkansas,05,2007,2848650
Arkansas,05,2008,2874554
Arkansas,05,2009,2896843
Arkansas,05,2010,2921998
Arkansas,05,2011,2941038
Arkansas,05,2012,2952876
Arkansas,05,2013,2960459
Arkansas,05,2014,2968759
Arkansas,05,2015,2979732
Arkansas,05,2016,2991815
Arkansas,05,2017,3003855
Arkansas,05,2018,3012161
Arkansas,05,2019,3020985
Arkansas,05,2020,3014399
Arkansas,05,2021,3027127
Arkansas,05,2022,3047429
Arkansas,05,2023,3069856
Arkansas,05,2024,3096080
Arkansas,05,2025,3114791
California,06,2000,33987977
California,06,2001,34479458
California,06,2002,34871843
California,06,2003,35253159
California,06,2004,35574576
California,06,2005,35827943
California,06,2006,36021202
California,06,2007,36250311
California,06,2008,36604337
California,06,2009,36961229
California,06,2010,37319550
California,06,2011,37636311
California,06,2012,37944551
California,06,2013,38253768
California,06,2014,38586706
California,06,2015,38904296
California,06,2016,39149186
California,06,2017,39337785
California,06,2018,39437463
California,06,2019,39437610
California,06,2020,39527808
California,06,2021,39152927
California,06,2022,39125347
California,06,2023,39181667
California,06,2024,39364774
California,06,2025,39355309
Colorado,08,2000,4326921
Colorado,08,2001,4425687
Colorado,08,2002,4490406
Colorado,08,2003,4528732
Colorado,08,2004,4575013
Colorado,08,2005,4631888
Colorado,08,2006,4720423
Colorado,08,2007,4803868
Colorado,08,2008,4889730
Colorado,08,2009,4972195
Colorado,08,2010,5047539
Colorado,08,2011,5121900
Colorado,08,2012,5193660
Colorado,08,2013,5270774
Colorado,08,2014,5352637
Colorado,08,2015,5454328
Colorado,08,2016,5543844
Colorado,08,2017,5617421
Colorado,08,2018,5697155
Colorado,08,2019,5758486
Colorado,08,2020,5786873
Colorado,08,2021,5814368
Colorado,08,2022,5853355
Colorado,08,2023,5912240
Colorado,08,2024,5988502
Colorado,08,2025,6012561
Connecticut,09,2000,3411777
Connecticut,09,2001,3432835
Connecticut,09,2002,3458749
Connecticut,09,2003,3484336
Connecticut,09,2004,3496094
Connecticut,09,2005,3506956
Connecticut,09,2006,3517460
Connecticut,09,2007,3527270
Connecticut,09,2008,3545579
Connecticut,09,2009,3561807
Connecticut,09,2010,3579173
Connecticut,09,2011,3588632
Connecticut,09,2012,3595211
Connecticut,09,2013,3595792
Connecticut,09,2014,3595697
Connecticut,09,2015,3588561
Connecticut,09,2016,3579830
Connecticut,09,2017,3575324
Connecticut,09,2018,3574561
Connecticut,09,2019,3566022
Connecticut,09,2020,3579643
Connecticut,09,2021,3607765
Connecticut,09,2022,3618707
Connecticut,09,2023,3641369
Connecticut,09,2024,3674449
Connecticut,09,2025,3688496
Delaware,10,2000,786373
Delaware,10,2001,795699
Delaware,10,2002,806169
Delaware,10,2003,818003
Delaware,10,2004,830803
Delaware,10,2005,845150
Delaware,10,2006,859268
Delaware,10,2007,871749
Delaware,10,2008,883874
Delaware,10,2009,891730
Delaware,10,2010,899647
Delaware,10,2011,907590
Delaware,10,2012,915518
Delaware,10,2013,924062
Delaware,10,2014,933131
Delaware,10,2015,942065
Delaware,10,2016,949989
Delaware,10,2017,957942
Delaware,10,2018,966985
Delaware,10,2019,976668
Delaware,10,2020,991890
Delaware,10,2021,1005130
Delaware,10,2022,1020279
Delaware,10,2023,1035354
Delaware,10,2024,1050123
Delaware,10,2025,1059952
District of Columbia,11,2000,572046
District of Columbia,11,2001,574504
District of Columbia,11,2002,573158
District of Columbia,11,2003,568502
District of Columbia,11,2004,567754
District of Columbia,11,2005,567136
District of Columbia,11,2006,570681
District of Columbia,11,2007,574404
District of Columbia,11,2008,580236
District of Columbia,11,2009,592228
District of Columbia,11,2010,605282
District of Columbia,11,2011,620290
District of Columbia,11,2012,635737
District of Columbia,11,2013,651559
District of Columbia,11,2014,663603
District of Columbia,11,2015,677014
District of Columbia,11,2016,687576
District of Columbia,11,2017,697079
District of Columbia,11,2018,704147
District of Columbia,11,2019,708253
District of Columbia,11,2020,670958
District of Columbia,11,2021,669637
District of Columbia,11,2022,674501
District of Columbia,11,2023,682559
District of Columbia,11,2024,691310
District of Columbia,11,2025,693645
Florida,12,2000,16047515
Florida,12,2001,16356966
Florida,12,2002,16689370
Florida,12,2003,17004085
Florida,12,2004,17415318
Florida,12,2005,17842038
Florida,12,2006,18166990
Florida,12,2007,18367842
Florida,12,2008,18527305
Florida,12,2009,18652644
Florida,12,2010,18846143
Florida,12,2011,19055607
Florida,12,2012,19302016
Florida,12,2013,19551678
Florida,12,2014,19853880
Florida,12,2015,20219111
Florida,12,2016,20627237
Florida,12,2017,20977089
Florida,12,2018,21254926
Florida,12,2019,21492056
Florida,12,2020,21591325
Florida,12,2021,21836698
Florida,12,2022,22413989
Florida,12,2023,22929248
Florida,12,2024,23265838
Florida,12,2025,23462518
Georgia,13,2000,8227303
Georgia,13,2001,8377038
Georgia,13,2002,8508256
Georgia,13,2003,8622793
Georgia,13,2004,8769252
Georgia,13,2005,8925922
Georgia,13,2006,9155813
Georgia,13,2007,9349988
Georgia,13,2008,9504843
Georgia,13,2009,9620846
Georgia,13,2010,9712209
Georgia,13,2011,9803630
Georgia,13,2012,9903580
Georgia,13,2013,9975592
Georgia,13,2014,10071204
Georgia,13,2015,10183353
Georgia,13,2016,10308442
Georgia,13,2017,10417031
Georgia,13,2018,10519389
Georgia,13,2019,10628020
Georgia,13,2020,10732595
Georgia,13,2021,10793038
Georgia,13,2022,10929992
Georgia,13,2023,11063669
Georgia,13,2024,11204208
Georgia,13,2025,11302748
Hawaii,15,2000,1213519
Hawaii,15,2001,1225948
Hawaii,15,2002,1239613
Hawaii,15,2003,1251154
Hawaii,15,2004,1273569
Hawaii,15,2005,1292729
Hawaii,15,2006,1309731
Hawaii,15,2007,1315675
Hawaii,15,2008,1332213
Hawaii,15,2009,1346717
Hawaii,15,2010,1364004
Hawaii,15,2011,1379562
Hawaii,15,2012,1395199
Hawaii,15,2013,1408822
Hawaii,15,2014,1415335
Hawaii,15,2015,1422999
Hawaii,15,2016,1428885
Hawaii,15,2017,1425763
Hawaii,15,2018,1423102
Hawaii,15,2019,1415615
Hawaii,15,2020,1451130
Hawaii,15,2021,1446909
Hawaii,15,2022,1437812
Hawaii,15,2023,1434950
Hawaii,15,2024,1434952
Hawaii,15,2025,1432820
Idaho,16,2000,1299430
Idaho,16,2001,1319962
Idaho,16,2002,1340372
Idaho,16,2003,1363380
Idaho,16,2004,1391802
Idaho,16,2005,1428241
Idaho,16,2006,1468669
Idaho,16,2007,1505105
Idaho,16,2008,1534320
Idaho,16,2009,1554439
Idaho,16,2010,1570819
Idaho,16,2011,1584272
Idaho,16,2012,1595910
Idaho,16,2013,1612053
Idaho,16,2014,1632248
Idaho,16,2015,1652495
Idaho,16,2016,1684036
Idaho,16,2017,1719745
Idaho,16,2018,1752074
Idaho,16,2019,1789060
Idaho,16,2020,1849328
Idaho,16,2021,1904855
Idaho,16,2022,1942951
Idaho,16,2023,1970497
Idaho,16,2024,2000872
Idaho,16,2025,2029733
Illinois,17,2000,12434161
Illinois,17,2001,12488445
Illinois,17,2002,12525556
Illinois,17,2003,12556006
Illinois,17,2004,12589773
Illinois,17,2005,12609903
Illinois,17,2006,12643955
Illinois,17,2007,12695866
Illinois,17,2008,12747038
Illinois,17,2009,12796778
Illinois,17,2010,12840545
Illinois,17,2011,12867783
Illinois,17,2012,12883029
Illinois,17,2013,12895778
Illinois,17,2014,12885092
Illinois,17,2015,12859585
Illinois,17,2016,12821709
Illinois,17,2017,12779893
Illinois,17,2018,12724685
Illinois,17,2019,12667017
Illinois,17,2020,12795348
Illinois,17,2021,12703354
Illinois,17,2022,12609577
Illinois,17,2023,12633389
Illinois,17,2024,12703033
Illinois,17,2025,12719141
Indiana,18,2000,6091866
Indiana,18,2001,6127760
Indiana,18,2002,6155967
Indiana,18,2003,6196638
Indiana,18,2004,6233007
Indiana,18,2005,6278616
Indiana,18,2006,6332669
Indiana,18,2007,6379599
Indiana,18,2008,6424806
Indiana,18,2009,6459325
Indiana,18,2010,6490555
Indiana,18,2011,6517250
Indiana,18,2012,6538989
Indiana,18,2013,6570575
Indiana,18,2014,6596019
Indiana,18,2015,6611442
Indiana,18,2016,6637898
Indiana,18,2017,6662068
Indiana,18,2018,6698481
Indiana,18,2019,6731010
Indiana,18,2020,6790290
Indiana,18,2021,6814223
Indiana,18,2022,6841491
Indiana,18,2023,6881373
Indiana,18,2024,6934754
Indiana,18,2025,6973333
Iowa,19,2000,2929067
Iowa,19,2001,2931997
Iowa,19,2002,2934234
Iowa,19,2003,2941999
Iowa,19,2004,2953635
Iowa,19,2005,2964454
Iowa,19,2006,2982644
Iowa,19,2007,2999212
Iowa,19,2008,3016734
Iowa,19,2009,3032870
Iowa,19,2010,3050819
Iowa,19,2011,3066772
Iowa,19,2012,3076844
Iowa,19,2013,3093935
Iowa,19,2014,3110643
Iowa,19,2015,3122541
Iowa,19,2016,3133210
Iowa,19,2017,3143734
Iowa,19,2018,3149900
Iowa,19,2019,3159596
Iowa,19,2020,3191081
Iowa,19,2021,3199037
Iowa,19,2022,3201890
Iowa,19,2023,3214739
Iowa,19,2024,3230454
Iowa,19,2025,3238387
Kansas,20,2000,2693681
Kansas,20,2001,2702162
Kansas,20,2002,2713535
Kansas,20,2003,2723004
Kansas,20,2004,2734373
Kansas,20,2005,2745299
Kansas,20,2006,2762931
Kansas,20,2007,2783785
Kansas,20,2008,2808076
Kansas,20,2009,2832704
Kansas,20,2010,2858266
Kansas,20,2011,2869677
Kansas,20,2012,2886024
Kansas,20,2013,2894306
Kansas,20,2014,2901861
Kansas,20,2015,2910717
Kansas,20,2016,2912977
Kansas,20,2017,2910892
Kansas,20,2018,2912748
Kansas,20,2019,2912635
Kansas,20,2020,2938274
Kansas,20,2021,2938966
Kansas,20,2022,2938034
Kansas,20,2023,2949749
Kansas,20,2024,2965252
Kansas,20,2025,2977220
Kentucky,21,2000,4049021
Kentucky,21,2001,4068132
Kentucky,21,2002,4089875
Kentucky,21,2003,4117170
Kentucky,21,2004,4146101
Kentucky,21,2005,4182742
Kentucky,21,2006,4219239
Kentucky,21,2007,4256672
Kentucky,21,2008,4289878
Kentucky,21,2009,4317074
Kentucky,21,2010,4348464
Kentucky,21,2011,4370817
Kentucky,21,2012,4387865
Kentucky,21,2013,4406906
Kentucky,21,2014,4416992
Kentucky,21,2015,4429126
Kentucky,21,2016,4440306
Kentucky,21,2017,4455590
Kentucky,21,2018,4464273
Kentucky,21,2019,4472345
Kentucky,21,2020,4508271
Kentucky,21,2021,4508348
Kentucky,21,2022,4521238
Kentucky,21,2023,4549953
Kentucky,21,2024,4584046
Kentucky,21,2025,4606864
Louisiana,22,2000,4471885
Louisiana,22,2001,4477875
Louisiana,22,2002,4497267
Louisiana,22,2003,4521042
Louisiana,22,2004,4552238
Louisiana,22,2005,4576628
Louisiana,22,2006,4302665
Louisiana,22,2007,4375581
Louisiana,22,2008,4435586
Louisiana,22,2009,4491648
Louisiana,22,2010,4544635
Louisiana,22,2011,4576244
Louisiana,22,2012,4602067
Louisiana,22,2013,4626040
Louisiana,22,2014,4645938
Louisiana,22,2015,4666998
Louisiana,22,2016,4681346
Louisiana,22,2017,4673673
Louisiana,22,2018,4664450
Louisiana,22,2019,4658285
Louisiana,22,2020,4652145
Louisiana,22,2021,4628595
Louisiana,22,2022,4600892
Louisiana,22,2023,4598777
Louisiana,22,2024,4614878
Louisiana,22,2025,4618189
Maine,23,2000,1277072
Maine,23,2001,1285692
Maine,23,2002,1295960
Maine,23,2003,1306513
Maine,23,2004,1313688
Maine,23,2005,1318787
Maine,23,2006,1323619
Maine,23,2007,1327040
Maine,23,2008,1330509
Maine,23,2009,1329590
Maine,23,2010,1327651
Maine,23,2011,1328473
Maine,23,2012,1328094
Maine,23,2013,1328543
Maine,23,2014,1331217
Maine,23,2015,1329098
Maine,23,2016,1332348
Maine,23,2017,1335743
Maine,23,2018,1340123
Maine,23,2019,1345770
Maine,23,2020,1364546
Maine,23,2021,1379009
Maine,23,2022,1391585
Maine,23,2023,1401992
Maine,23,2024,1408438
Maine,23,2025,1414874
Maryland,24,2000,5311034
Maryland,24,2001,5374691
Maryland,24,2002,5440389
Maryland,24,2003,5496269
Maryland,24,2004,5546935
Maryland,24,2005,5592379
Maryland,24,2006,5627367
Maryland,24,2007,5653408
Maryland,24,2008,5684965
Maryland,24,2009,5730388
Maryland,24,2010,5788784
Maryland,24,2011,5840241
Maryland,24,2012,5888375
Maryland,24,2013,5925197
Maryland,24,2014,5960064
Maryland,24,2015,5988528
Maryland,24,2016,6007014
Maryland,24,2017,6028186
Maryland,24,2018,6042153
Maryland,24,2019,6054954
Maryland,24,2020,6178387
Maryland,24,2021,6176035
Maryland,24,2022,6183257
Maryland,24,2023,6204927
Maryland,24,2024,6245314
Maryland,24,2025,6265347
Massachusetts,25,2000,6361104
Massachusetts,25,2001,6397634
Massachusetts,25,2002,6417206
Massachusetts,25,2003,6422565
Massachusetts,25,2004,6412281
Massachusetts,25,2005,6403290
Massachusetts,25,2006,6410084
Massachusetts,25,2007,6431559
Massachusetts,25,2008,6468967
Massachusetts,25,2009,6517613
Massachusetts,25,2010,6566440
Massachusetts,25,2011,6614218
Massachusetts,25,2012,6664269
Massachusetts,25,2013,6715158
Massachusetts,25,2014,6764864
Massachusetts,25,2015,6797484
Massachusetts,25,2016,6827280
Massachusetts,25,2017,6863560
Massachusetts,25,2018,6885720
Massachusetts,25,2019,6894883
Massachusetts,25,2020,6985320
Massachusetts,25,2021,6996721
Massachusetts,25,2022,7025465
Massachusetts,25,2023,7073479
Massachusetts,25,2024,7138560
Massachusetts,25,2025,7154084
Michigan,26,2000,9952450
Michigan,26,2001,9991120
Michigan,26,2002,10015710
Michigan,26,2003,10041152
Michigan,26,2004,10055315
Michigan,26,2005,10051137
Michigan,26,2006,10036081
Michigan,26,2007,10001284
Michigan,26,2008,9946889
Michigan,26,2009,9901591
Michigan,26,2010,9877597
Michigan,26,2011,9883053
Michigan,26,2012,9898289
Michigan,26,2013,9914802
Michigan,26,2014,9932033
Michigan,26,2015,9934483
Michigan,26,2016,9954117
Michigan,26,2017,9976752
Michigan,26,2018,9987286
Michigan,26,2019,9984795
Michigan,26,2020,10072294
Michigan,26,2021,10042362
Michigan,26,2022,10043906
Michigan,26,2023,10062124
Michigan,26,2024,10099962
Michigan,26,2025,10127884
Minnesota,27,2000,4933692
Minnesota,27,2001,4982796
Minnesota,27,2002,5018935
Minnesota,27,2003,5053572
Minnesota,27,2004,5087713
Minnesota,27,2005,5119598
Minnesota,27,2006,5163555
Minnesota,27,2007,5207203
Minnesota,27,2008,5247018
Minnesota,27,2009,5281203
Minnesota,27,2010,5310934
Minnesota,27,2011,5346620
Minnesota,27,2012,5377500
Minnesota,27,2013,5414722
Minnesota,27,2014,5452665
Minnesota,27,2015,5484002
Minnesota,27,2016,5525360
Minnesota,27,2017,5569283
Minnesota,27,2018,5608762
Minnesota,27,2019,5640053
Minnesota,27,2020,5710562
Minnesota,27,2021,5714055
Minnesota,27,2022,5727565
Minnesota,27,2023,5752998
Minnesota,27,2024,5797405
Minnesota,27,2025,5830405
Mississippi,28,2000,2848353
Mississippi,28,2001,2852994
Mississippi,28,2002,2858681
Mississippi,28,2003,2868312
Mississippi,28,2004,2889010
Mississippi,28,2005,2905943
Mississippi,28,2006,2904978
Mississippi,28,2007,2928350
Mississippi,28,2008,2947806
Mississippi,28,2009,2958774
Mississippi,28,2010,2970615
Mississippi,28,2011,2979147
Mississippi,28,2012,2984599
Mississippi,28,2013,2989839
Mississippi,28,2014,2991892
Mississippi,28,2015,2990231
Mississippi,28,2016,2990595
Mississippi,28,2017,2990674
Mississippi,28,2018,2982879
Mississippi,28,2019,2978227
Mississippi,28,2020,2958385
Mississippi,28,2021,2947603
Mississippi,28,2022,2941237
Mississippi,28,2023,2942470
Mississippi,28,2024,2950172
Mississippi,28,2025,2954160
Missouri,29,2000,5607285
Missouri,29,2001,5641142
Missouri,29,2002,5674825
Missouri,29,2003,5709403
Missouri,29,2004,5747741
Missouri,29,2005,5790300
Missouri,29,2006,5842704
Missouri,29,2007,5887612
Missouri,29,2008,5923916
Missouri,29,2009,5961088
Missouri,29,2010,5996089
Missouri,29,2011,6011182
Missouri,29,2012,6026027
Missouri,29,2013,6042989
Missouri,29,2014,6059130
Missouri,29,2015,6075411
Missouri,29,2016,6091384
Missouri,29,2017,6111382
Missouri,29,2018,6125986
Missouri,29,2019,6140475
Missouri,29,2020,6155074
Missouri,29,2021,6172551
Missouri,29,2022,6179285
Missouri,29,2023,6205956
Missouri,29,2024,6243544
Missouri,29,2025,6270541
Montana,30,2000,903773
Montana,30,2001,906961
Montana,30,2002,911667
Montana,30,2003,919630
Montana,30,2004,930009
Montana,30,2005,940102
Montana,30,2006,952692
Montana,30,2007,964706
Montana,30,2008,976415
Montana,30,2009,983982
Montana,30,2010,990730
Montana,30,2011,997518
Montana,30,2012,1004168
Montana,30,2013,1014158
Montana,30,2014,1022657
Montana,30,2015,1031495
Montana,30,2016,1042137
Montana,30,2017,1053862
Montana,30,2018,1061818
Montana,30,2019,1070123
Montana,30,2020,1087156
Montana,30,2021,1106416
Montana,30,2022,1121533
Montana,30,2023,1130612
Montana,30,2024,1137557
Montana,30,2025,1144694
Nebraska,31,2000,1713820
Nebraska,31,2001,1719836
Nebraska,31,2002,1728292
Nebraska,31,2003,1738643
Nebraska,31,2004,1749370
Nebraska,31,2005,1761497
Nebraska,31,2006,1772693
Nebraska,31,2007,1783440
Nebraska,31,2008,1796378
Nebraska,31,2009,1812683
Nebraska,31,2010,1829591
Nebraska,31,2011,1840914
Nebraska,31,2012,1853691
Nebraska,31,2013,1865813
Nebraska,31,2014,1879955
Nebraska,31,2015,1892059
Nebraska,31,2016,1906483
Nebraska,31,2017,1916998
Nebraska,31,2018,1925512
Nebraska,31,2019,1932571
Nebraska,31,2020,1963318
Nebraska,31,2021,1964697
Nebraska,31,2022,1972595
Nebraska,31,2023,1988172
Nebraska,31,2024,2005591
Nebraska,31,2025,2018006
Nevada,32,2000,2018741
Nevada,32,2001,2098399
Nevada,32,2002,2173791
Nevada,32,2003,2248850
Nevada,32,2004,2346222
Nevada,32,2005,2432143
Nevada,32,2006,2522658
Nevada,32,2007,2601072
Nevada,32,2008,2653630
Nevada,32,2009,2684665
Nevada,32,2010,2702483
Nevada,32,2011,2713114
Nevada,32,2012,2744670
Nevada,32,2013,2776956
Nevada,32,2014,2818935
Nevada,32,2015,2868531
Nevada,32,2016,2919555
Nevada,32,2017,2972097
Nevada,32,2018,3030725
Nevada,32,2019,3090771
Nevada,32,2020,3116851
Nevada,32,2021,3148472
Nevada,32,2022,3177672
Nevada,32,2023,3211077
Nevada,32,2024,3253543
Nevada,32,2025,3282188
New Hampshire,33,2000,1239882
New Hampshire,33,2001,1255517
New Hampshire,33,2002,1269089
New Hampshire,33,2003,1279840
New Hampshire,33,2004,1290121
New Hampshire,33,2005,1298492
New Hampshire,33,2006,1308389
New Hampshire,33,2007,1312540
New Hampshire,33,2008,1315906
New Hampshire,33,2009,1316102
New Hampshire,33,2010,1316807
New Hampshire,33,2011,1320444
New Hampshire,33,2012,1324677
New Hampshire,33,2013,1327272
New Hampshire,33,2014,1334257
New Hampshire,33,2015,1337480
New Hampshire,33,2016,1343694
New Hampshire,33,2017,1350395
New Hampshire,33,2018,1355064
New Hampshire,33,2019,1360783
New Hampshire,33,2020,1378752
New Hampshire,33,2021,1387907
New Hampshire,33,2022,1396647
New Hampshire,33,2023,1401530
New Hampshire,33,2024,1408518
New Hampshire,33,2025,1415342
New Jersey,34,2000,8430621
New Jersey,34,2001,8492671
New Jersey,34,2002,8552643
New Jersey,34,2003,8601402
New Jersey,34,2004,8634561
New Jersey,34,2005,8651974
New Jersey,34,2006,8661679
New Jersey,34,2007,8677885
New Jersey,34,2008,8711090
New Jersey,34,2009,8755602
New Jersey,34,2010,8799451
New Jersey,34,2011,8828552
New Jersey,34,2012,8845671
New Jersey,34,2013,8857821
New Jersey,34,2014,8867277
New Jersey,34,2015,8870312
New Jersey,34,2016,8873584
New Jersey,34,2017,8888147
New Jersey,34,2018,8891730
New Jersey,34,2019,8891258
New Jersey,34,2020,9270476
New Jersey,34,2021,9266509
New Jersey,34,2022,9298402
New Jersey,34,2023,9395315
New Jersey,34,2024,9506354
New Jersey,34,2025,9548215
New Mexico,35,2000,1821204
New Mexico,35,2001,1831690
New Mexico,35,2002,1855309
New Mexico,35,2003,1877574
New Mexico,35,2004,1903808
New Mexico,35,2005,1932274
New Mexico,35,2006,1962137
New Mexico,35,2007,1990070
New Mexico,35,2008,2010662
New Mexico,35,2009,2036802
New Mexico,35,2010,2064614
New Mexico,35,2011,2080707
New Mexico,35,2012,2087715
New Mexico,35,2013,2092833
New Mexico,35,2014,2090236
New Mexico,35,2015,2090071
New Mexico,35,2016,2092555
New Mexico,35,2017,2092844
New Mexico,35,2018,2093754
New Mexico,35,2019,2099634
New Mexico,35,2020,2118446
New Mexico,35,2021,2117300
New Mexico,35,2022,2112859
New Mexico,35,2023,2119349
New Mexico,35,2024,2126774
New Mexico,35,2025,2125498
New York,36,2000,19001780
New York,36,2001,19082838
New York,36,2002,19137800
New York,36,2003,19175939
New York,36,2004,19171567
New York,36,2005,19132610
New York,36,2006,19104631
New York,36,2007,19132335
New York,36,2008,19212436
New York,36,2009,19307066
New York,36,2010,19399956
New York,36,2011,19499921
New York,36,2012,19574362
New York,36,2013,19626488
New York,36,2014,19653431
New York,36,2015,19657321
New York,36,2016,19636391
New York,36,2017,19593849
New York,36,2018,19544098
New York,36,2019,19463131
New York,36,2020,20122262
New York,36,2021,19835345
New York,36,2022,19713025
New York,36,2023,19786543
New York,36,2024,20001419
New York,36,2025,20002427
North Carolina,37,2000,8081614
North Carolina,37,2001,8210122
North Carolina,37,2002,8326201
North Carolina,37,2003,8422501
North Carolina,37,2004,8553152
North Carolina,37,2005,8705407
North Carolina,37,2006,8917270
North Carolina,37,2007,9118037
North Carolina,37,2008,9309449
North Carolina,37,2009,9449566
North Carolina,37,2010,9574586
North Carolina,37,2011,9658913
North Carolina,37,2012,9751810
North Carolina,37,2013,9846717
North Carolina,37,2014,9937295
North Carolina,37,2015,10037218
North Carolina,37,2016,10161802
North Carolina,37,2017,10275758
North Carolina,37,2018,10391358
North Carolina,37,2019,10501384
North Carolina,37,2020,10450215
North Carolina,37,2021,10565503
North Carolina,37,2022,10705768
North Carolina,37,2023,10871849
North Carolina,37,2024,11052061
North Carolina,37,2025,11197968
North Dakota,38,2000,642023
North Dakota,38,2001,639062
North Dakota,38,2002,638168
North Dakota,38,2003,638817
North Dakota,38,2004,644705
North Dakota,38,2005,646089
North Dakota,38,2006,649422
North Dakota,38,2007,652822
North Dakota,38,2008,657569
North Dakota,38,2009,664968
North Dakota,38,2010,674752
North Dakota,38,2011,685526
North Dakota,38,2012,702227
North Dakota,38,2013,723149
North Dakota,38,2014,738736
North Dakota,38,2015,755537
North Dakota,38,2016,756114
North Dakota,38,2017,756755
North Dakota,38,2018,760062
North Dakota,38,2019,763724
North Dakota,38,2020,779612
North Dakota,38,2021,777977
North Dakota,38,2022,780191
North Dakota,38,2023,787071
North Dakota,38,2024,793387
North Dakota,38,2025,799358
Ohio,39,2000,11363543
Ohio,39,2001,11387404
Ohio,39,2002,11407889
Ohio,39,2003,11434788
Ohio,39,2004,11452251
Ohio,39,2005,11463320
Ohio,39,2006,11481213
Ohio,39,2007,11500468
Ohio,39,2008,11515391
Ohio,39,2009,11528896
Ohio,39,2010,11539449
Ohio,39,2011,11545735
Ohio,39,2012,11550971
Ohio,39,2013,11579692
Ohio,39,2014,11606573
Ohio,39,2015,11622315
Ohio,39,2016,11640060
Ohio,39,2017,11665706
Ohio,39,2018,11680892
Ohio,39,2019,11696507
Ohio,39,2020,11798534
Ohio,39,2021,11761443
Ohio,39,2022,11764950
Ohio,39,2023,11808390
Ohio,39,2024,11860621
Ohio,39,2025,11900510
Oklahoma,40,2000,3454365
Oklahoma,40,2001,3467100
Oklahoma,40,2002,3489080
Oklahoma,40,2003,3504892
Oklahoma,40,2004,3525233
Oklahoma,40,2005,3548597
Oklahoma,40,2006,3594090
Oklahoma,40,2007,3634349
Oklahoma,40,2008,3668976
Oklahoma,40,2009,3717572
Oklahoma,40,2010,3760014
Oklahoma,40,2011,3788824
Oklahoma,40,2012,3819320
Oklahoma,40,2013,3853891
Oklahoma,40,2014,3879187
Oklahoma,40,2015,3910518
Oklahoma,40,2016,3928143
Oklahoma,40,2017,3933602
Oklahoma,40,2018,3943488
Oklahoma,40,2019,3960676
Oklahoma,40,2020,3965243
Oklahoma,40,2021,3992760
Oklahoma,40,2022,4025327
Oklahoma,40,2023,4062716
Oklahoma,40,2024,4097758
Oklahoma,40,2025,4123288
Oregon,41,2000,3429708
Oregon,41,2001,3467937
Oregon,41,2002,3513424
Oregon,41,2003,3547376
Oregon,41,2004,3569463
Oregon,41,2005,3613202
Oregon,41,2006,3670883
Oregon,41,2007,3722417
Oregon,41,2008,3768748
Oregon,41,2009,3808600
Oregon,41,2010,3837614
Oregon,41,2011,3872672
Oregon,41,2012,3900102
Oregon,41,2013,3924110
Oregon,41,2014,3965447
Oregon,41,2015,4018542
Oregon,41,2016,4093271
Oregon,41,2017,4147294
Oregon,41,2018,4183538
Oregon,41,2019,4216116
Oregon,41,2020,4243544
Oregon,41,2021,4254691
Oregon,41,2022,4245964
Oregon,41,2023,4250392
Oregon,41,2024,4265324
Oregon,41,2025,4273586
Pennsylvania,42,2000,12284173
Pennsylvania,42,2001,12298970
Pennsylvania,42,2002,12331031
Pennsylvania,42,2003,12374658
Pennsylvania,42,2004,12410722
Pennsylvania,42,2005,12449990
Pennsylvania,42,2006,12510809
Pennsylvania,42,2007,12563937
Pennsylvania,42,2008,12612285
Pennsylvania,42,2009,12666858
Pennsylvania,42,2010,12711406
Pennsylvania,42,2011,12747052
Pennsylvania,42,2012,12769123
Pennsylvania,42,2013,12779538
Pennsylvania,42,2014,12792392
Pennsylvania,42,2015,12789838
Pennsylvania,42,2016,12788468
Pennsylvania,42,2017,12794679
Pennsylvania,42,2018,12809107
Pennsylvania,42,2019,12798883
Pennsylvania,42,2020,12995576
Pennsylvania,42,2021,13016628
Pennsylvania,42,2022,12984655
Pennsylvania,42,2023,13009406
Pennsylvania,42,2024,13045848
Pennsylvania,42,2025,13059432
Puerto Rico,72,2010,3721525
Puerto Rico,72,2011,3678732
Puerto Rico,72,2012,3634488
Puerto Rico,72,2013,3593077
Puerto Rico,72,2014,3534874
Puerto Rico,72,2015,3473232
Puerto Rico,72,2016,3406672
Puerto Rico,72,2017,3325284
Puerto Rico,72,2018,3193344
Puerto Rico,72,2019,3193553
Puerto Rico,72,2020,3281591
Puerto Rico,72,2021,3262731
Puerto Rico,72,2022,3220148
Puerto Rico,72,2023,3203794
Puerto Rico,72,2024,3202521
Puerto Rico,72,2025,3184835
Rhode Island,44,2000,1050268
Rhode Island,44,2001,1057142
Rhode Island,44,2002,1065995
Rhode Island,44,2003,1071342
Rhode Island,44,2004,1074579
Rhode Island,44,2005,1067916
Rhode Island,44,2006,1063096
Rhode Island,44,2007,1057315
Rhode Island,44,2008,1055003
Rhode Island,44,2009,1053646
Rhode Island,44,2010,1053994
Rhode Island,44,2011,1053829
Rhode Island,44,2012,1054893
Rhode Island,44,2013,1055560
Rhode Island,44,2014,1056511
Rhode Island,44,2015,1056886
Rhode Island,44,2016,1057816
Rhode Island,44,2017,1056554
Rhode Island,44,2018,1059338
Rhode Island,44,2019,1058158
Rhode Island,44,2020,1096487
Rhode Island,44,2021,1097381
Rhode Island,44,2022,1098275
Rhode Island,44,2023,1101183
Rhode Island,44,2024,1110415
Rhode Island,44,2025,1114521
South Carolina,45,2000,4024223
South Carolina,45,2001,4064995
South Carolina,45,2002,4107795
South Carolina,45,2003,4150297
South Carolina,45,2004,4210921
South Carolina,45,2005,4270150
South Carolina,45,2006,4357847
South Carolina,45,2007,4444110
South Carolina,45,2008,4528996
South Carolina,45,2009,4589872
South Carolina,45,2010,4635846
South Carolina,45,2011,4672655
South Carolina,45,2012,4719027
South Carolina,45,2013,4766469
South Carolina,45,2014,4826858
South Carolina,45,2015,4896006
South Carolina,45,2016,4963031
South Carolina,45,2017,5027102
South Carolina,45,2018,5091702
South Carolina,45,2019,5157702
South Carolina,45,2020,5131992
South Carolina,45,2021,5194346
South Carolina,45,2022,5288957
South Carolina,45,2023,5390798
South Carolina,45,2024,5490316
South Carolina,45,2025,5570274
South Dakota,46,2000,755844
South Dakota,46,2001,757972
South Dakota,46,2002,760020
South Dakota,46,2003,763729
South Dakota,46,2004,770396
South Dakota,46,2005,775493
South Dakota,46,2006,783033
South Dakota,46,2007,791623
South Dakota,46,2008,799124
South Dakota,46,2009,807067
South Dakota,46,2010,816193
South Dakota,46,2011,823740
South Dakota,46,2012,833859
South Dakota,46,2013,842751
South Dakota,46,2014,849670
South Dakota,46,2015,854663
South Dakota,46,2016,863693
South Dakota,46,2017,873732
South Dakota,46,2018,879386
South Dakota,46,2019,887127
South Dakota,46,2020,887808
South Dakota,46,2021,896303
South Dakota,46,2022,909156
South Dakota,46,2023,917739
South Dakota,46,2024,927110
South Dakota,46,2025,935094
Tennessee,47,2000,5703719
Tennessee,47,2001,5750789
Tennessee,47,2002,5795918
Tennessee,47,2003,5847812
Tennessee,47,2004,5910809
Tennessee,47,2005,5991057
Tennessee,47,2006,6088766
Tennessee,47,2007,6175727
Tennessee,47,2008,6247411
Tennessee,47,2009,6306019
Tennessee,47,2010,6355518
Tennessee,47,2011,6400298
Tennessee,47,2012,6455752
Tennessee,47,2013,6496943
Tennessee,47,2014,6544617
Tennessee,47,2015,6595354
Tennessee,47,2016,6651277
Tennessee,47,2017,6714748
Tennessee,47,2018,6778180
Tennessee,47,2019,6830325
Tennessee,47,2020,6927736
Tennessee,47,2021,6966687
Tennessee,47,2022,7063325
Tennessee,47,2023,7153029
Tennessee,47,2024,7251291
Tennessee,47,2025,7315076
Texas,48,2000,20944499
Texas,48,2001,21319622
Texas,48,2002,21690325
Texas,48,2003,22030931
Texas,48,2004,22394023
Texas,48,2005,22778123
Texas,48,2006,23359580
Texas,48,2007,23831983
Texas,48,2008,24309039
Texas,48,2009,24801761
Texas,48,2010,25241897
Texas,48,2011,25645504
Texas,48,2012,26084120
Texas,48,2013,26479646
Texas,48,2014,26963092
Texas,48,2015,27468531
Texas,48,2016,27914064
Texas,48,2017,28291024
Texas,48,2018,28624564
Texas,48,2019,28986794
Texas,48,2020,29237895
Texas,48,2021,29572672
Texas,48,2022,30118002
Texas,48,2023,30719247
Texas,48,2024,31318578
Texas,48,2025,31709821
Utah,49,2000,2244502
Utah,49,2001,2283715
Utah,49,2002,2324815
Utah,49,2003,2360137
Utah,49,2004,2401580
Utah,49,2005,2457719
Utah,49,2006,2525507
Utah,49,2007,2597746
Utah,49,2008,2663029
Utah,49,2009,2723421
Utah,49,2010,2775413
Utah,49,2011,2814797
Utah,49,2012,2854146
Utah,49,2013,2898773
Utah,49,2014,2938327
Utah,49,2015,2983626
Utah,49,2016,3044241
Utah,49,2017,3103540
Utah,49,2018,3155153
Utah,49,2019,3203383
Utah,49,2020,3283970
Utah,49,2021,3339874
Utah,49,2022,3393928
Utah,49,2023,3449259
Utah,49,2024,3502983
Utah,49,2025,3538904
Vermont,50,2000,609618
Vermont,50,2001,612223
Vermont,50,2002,615442
Vermont,50,2003,617858
Vermont,50,2004,619920
Vermont,50,2005,621215
Vermont,50,2006,622892
Vermont,50,2007,623481
Vermont,50,2008,624151
Vermont,50,2009,624817
Vermont,50,2010,625886
Vermont,50,2011,627197
Vermont,50,2012,626361
Vermont,50,2013,626603
Vermont,50,2014,625693
Vermont,50,2015,625810
Vermont,50,2016,624366
Vermont,50,2017,625132
Vermont,50,2018,624802
Vermont,50,2019,624046
Vermont,50,2020,642965
Vermont,50,2021,647238
Vermont,50,2022,647614
Vermont,50,2023,647722
Vermont,50,2024,646521
Vermont,50,2025,644663
Virginia,51,2000,7105817
Virginia,51,2001,7198362
Virginia,51,2002,7286873
Virginia,51,2003,7366977
Virginia,51,2004,7475575
Virginia,51,2005,7577105
Virginia,51,2006,7673725
Virginia,51,2007,7751000
Virginia,51,2008,7833496
Virginia,51,2009,7925937
Virginia,51,2010,8024004
Virginia,51,2011,8102437
Virginia,51,2012,8187456
Virginia,51,2013,8255861
Virginia,51,2014,8315430
Virginia,51,2015,8367303
Virginia,51,2016,8417651
Virginia,51,2017,8471011
Virginia,51,2018,8510920
Virginia,51,2019,8556642
Virginia,51,2020,8637303
Virginia,51,2021,8660007
Virginia,51,2022,8681038
Virginia,51,2023,8732034
Virginia,51,2024,8819642
Virginia,51,2025,8880107
Washington,53,2000,5910512
Washington,53,2001,5985722
Washington,53,2002,6052349
Washington,53,2003,6104115
Washington,53,2004,6178645
Washington,53,2005,6257305
Washington,53,2006,6370753
Washington,53,2007,6461587
Washington,53,2008,6562231
Washington,53,2009,6667426
Washington,53,2010,6743009
Washington,53,2011,6827479
Washington,53,2012,6898599
Washington,53,2013,6966252
Washington,53,2014,7057531
Washington,53,2015,7167287
Washington,53,2016,7299961
Washington,53,2017,7427951
Washington,53,2018,7526793
Washington,53,2019,7614024
Washington,53,2020,7726812
Washington,53,2021,7744316
Washington,53,2022,7786828
Washington,53,2023,7838655
Washington,53,2024,7927958
Washington,53,2025,8001020
West Virginia,54,2000,1807021
West Virginia,54,2001,1801481
West Virginia,54,2002,1805414
West Virginia,54,2003,1812295
West Virginia,54,2004,1816438
West Virginia,54,2005,1820492
West Virginia,54,2006,1827912
West Virginia,54,2007,1834052
West Virginia,54,2008,1840310
West Virginia,54,2009,1847775
West Virginia,54,2010,1854265
West Virginia,54,2011,1856606
West Virginia,54,2012,1857446
West Virginia,54,2013,1854768
West Virginia,54,2014,1850569
West Virginia,54,2015,1843332
West Virginia,54,2016,1832435
West Virginia,54,2017,1818683
West Virginia,54,2018,1805953
West Virginia,54,2019,1795263
West Virginia,54,2020,1791670
West Virginia,54,2021,1785921
West Virginia,54,2022,1774003
West Virginia,54,2023,1770036
West Virginia,54,2024,1767402
West Virginia,54,2025,1766147
Wisconsin,55,2000,5373999
Wisconsin,55,2001,5406835
Wisconsin,55,2002,5445162
Wisconsin,55,2003,5479203
Wisconsin,55,2004,5514026
Wisconsin,55,2005,5546166
Wisconsin,55,2006,5577655
Wisconsin,55,2007,5610775
Wisconsin,55,2008,5640996
Wisconsin,55,2009,5669264
Wisconsin,55,2010,5690538
Wisconsin,55,2011,5705840
Wisconsin,55,2012,5720825
Wisconsin,55,2013,5738012
Wisconsin,55,2014,5753199
Wisconsin,55,2015,5762927
Wisconsin,55,2016,5775170
Wisconsin,55,2017,5793147
Wisconsin,55,2018,5809319
Wisconsin,55,2019,5824581
Wisconsin,55,2020,5897371
Wisconsin,55,2021,5882128
Wisconsin,55,2022,5903472
Wisconsin,55,2023,5930350
Wisconsin,55,2024,5957168
Wisconsin,55,2025,5972787
Wyoming,56,2000,494300
Wyoming,56,2001,494657
Wyoming,56,2002,500017
Wyoming,56,2003,503453
Wyoming,56,2004,509106
Wyoming,56,2005,514157
Wyoming,56,2006,522667
Wyoming,56,2007,534876
Wyoming,56,2008,546043
Wyoming,56,2009,559851
Wyoming,56,2010,564531
Wyoming,56,2011,567491
Wyoming,56,2012,576656
Wyoming,56,2013,582620
Wyoming,56,2014,583159
Wyoming,56,2015,586389
Wyoming,56,2016,585243
Wyoming,56,2017,579994
Wyoming,56,2018,579054
Wyoming,56,2019,580116
Wyoming,56,2020,577669
Wyoming,56,2021,579662
Wyoming,56,2022,581742
Wyoming,56,2023,584666
Wyoming,56,2024,586722
Wyoming,56,2025,588753
